{"cameraMode":{"drawMode":0,"name":"Shaded","section":"Shading Mode"},"sceneLighting":true,"audioPlay":false,"sceneViewState":{"m_AlwaysRefresh":false,"showFog":true,"showSkybox":true,"showFlares":true,"showImageEffects":true,"showParticleSystems":true,"showVisualEffectGraphs":true,"m_FxEnabled":false},"in2DMode":false,"pivot":{"x":2.4570083618164064,"y":-2.129075288772583,"z":0.16766357421875},"rotation":{"x":0.40308788418769839,"y":-0.04800984263420105,"z":0.021183498203754426,"w":0.9136461615562439},"size":21.376230239868165,"orthographic":false}