{"cameraMode":{"drawMode":0,"name":"Shaded","section":"Shading Mode"},"sceneLighting":true,"audioPlay":false,"sceneViewState":{"m_AlwaysRefresh":false,"showFog":true,"showSkybox":true,"showFlares":true,"showImageEffects":true,"showParticleSystems":true,"showVisualEffectGraphs":true,"m_FxEnabled":false},"in2DMode":false,"pivot":{"x":-1.717489242553711,"y":0.7413032054901123,"z":5.3302388191223148},"rotation":{"x":-0.24272122979164124,"y":0.6480052471160889,"z":-0.22980856895446778,"w":-0.6843858361244202},"size":18.433212280273439,"orthographic":false}